<application>
  <component name="ProjectManager">
    <defaultProject>
      <component name="AutoImportSettings">
        <option name="autoReloadType" value="SELECTIVE" />
      </component>
      <component name="CMakeSettings">
        <configurations>
          <configuration PROFILE_NAME="gcc-debug" ENABLED="true" GENERATION_DIR="build/gcc-debug" CONFIG_NAME="Debug" TOOLCHAIN_NAME="gcc" GENERATION_OPTIONS="-DCMAKE_CXX_FLAGS=&quot;-Wall -Wextra -fsanitize=addres,undefined -pedantic -g&quot;" />
          <configuration PROFILE_NAME="gcc-release" ENABLED="true" GENERATION_DIR="build/gcc-release" CONFIG_NAME="Release" TOOLCHAIN_NAME="gcc" GENERATION_OPTIONS="-DCMAKE_CXX_FLAGS=&quot;-Wall -Wextra -pedantic -O3 -march=native&quot;" />
          <configuration PROFILE_NAME="gcc-reldeb" ENABLED="true" GENERATION_DIR="build/gcc-reldeb" CONFIG_NAME="RelWithDebInfo" TOOLCHAIN_NAME="gcc" GENERATION_OPTIONS="-DCMAKE_CXX_FLAGS=&quot;-Wall -Wextra -pedantic -g -O2&quot;" />
          <configuration PROFILE_NAME="clang-debug" ENABLED="true" GENERATION_DIR="build/clang/debug" CONFIG_NAME="Debug" TOOLCHAIN_NAME="clang" GENERATION_OPTIONS="-DCMAKE_CXX_FLAGS=&quot;-Wall -Wextra -fsanitize=addres,undefined -pedantic -g&quot;" />
          <configuration PROFILE_NAME="clang-release" ENABLED="true" GENERATION_DIR="build/clang-release" CONFIG_NAME="MinSizeRel" TOOLCHAIN_NAME="clang" GENERATION_OPTIONS="-DCMAKE_CXX_FLAGS=&quot;-Wall -Wextra -pedantic -O3 -march=native&quot;" />
          <configuration PROFILE_NAME="clang-reldeb" ENABLED="true" GENERATION_DIR="build/clang-reldeb" TOOLCHAIN_NAME="clang" GENERATION_OPTIONS="-DCMAKE_CXX_FLAGS=&quot;-Wall -Wextra -pedantic -g -O2&quot;" />
        </configurations>
      </component>
      <component name="ProjectInspectionProfilesVisibleTreeState">
        <entry key="Project Default">
          <profile-state>
            <expanded-state>
              <State />
            </expanded-state>
            <selected-state>
              <State>
                <id>Angular</id>
              </State>
            </selected-state>
          </profile-state>
        </entry>
      </component>
      <component name="PropertiesComponent">{
  &quot;keyToString&quot;: {
    &quot;settings.editor.selected.configurable&quot;: &quot;CMakeSettings&quot;
  }
}</component>
      <component name="TaskManager">
        <task active="true" id="Default" summary="Default task">
          <created>1697882021507</created>
          <option name="number" value="Default" />
          <option name="presentableId" value="Default" />
          <updated>1697882021507</updated>
        </task>
        <servers />
      </component>
      <component name="WindowStateProjectService">
        <state x="759" y="390" width="1123" height="647" key="#Run/Debug_Configuration_Templates" timestamp="1697880081493">
          <screen x="0" y="0" width="2560" height="1440" />
        </state>
        <state x="759" y="390" width="1123" height="647" key="#Run/Debug_Configuration_Templates/2560.0.1920.1080/0.0.2560.1440" timestamp="1697880081493" />
        <state x="1268" y="399" key="EnvironmentVariablesDialog" timestamp="1697880837589">
          <screen x="0" y="0" width="2560" height="1440" />
        </state>
        <state x="1268" y="399" key="EnvironmentVariablesDialog/2560.0.1920.1080/0.0.2560.1440" timestamp="1697880837589" />
        <state x="1065" y="471" width="426" height="485" key="FileChooserDialogImpl" timestamp="1696880792402">
          <screen x="0" y="0" width="2560" height="1440" />
        </state>
        <state x="1065" y="471" width="426" height="485" key="FileChooserDialogImpl/2560.0.1920.1080/0.0.2560.1440" timestamp="1696880792402" />
        <state x="371" y="43" width="1986" height="1048" key="SettingsEditor" timestamp="1698092304893">
          <screen x="0" y="0" width="2560" height="1440" />
        </state>
        <state x="779" y="364" width="997" height="702" key="SettingsEditor/0.0.2560.1440/2560.0.1920.1080" timestamp="1695738345852" />
        <state x="371" y="43" width="1986" height="1048" key="SettingsEditor/2560.0.1920.1080/0.0.2560.1440" timestamp="1698092304893" />
      </component>
      <component name="masterDetails">
        <states>
          <state key="Copyright.UI">
            <settings>
              <splitter-proportions>
                <option name="proportions">
                  <list>
                    <option value="0.2" />
                  </list>
                </option>
              </splitter-proportions>
            </settings>
          </state>
          <state key="ScopeChooserConfigurable.UI">
            <settings>
              <splitter-proportions>
                <option name="proportions">
                  <list>
                    <option value="0.2" />
                  </list>
                </option>
              </splitter-proportions>
            </settings>
          </state>
        </states>
      </component>
    </defaultProject>
  </component>
</application>