<application>
  <component name="ProjectManager">
    <defaultProject>
      <component name="CMakeSettings">
        <configurations>
          <configuration PROFILE_NAME="gcc-debug" ENABLED="true" GENERATION_DIR="build/gcc-debug" CONFIG_NAME="Debug" TOOLCHAIN_NAME="gcc" />
          <configuration PROFILE_NAME="gcc-release" ENABLED="true" GENERATION_DIR="build/gcc-release" CONFIG_NAME="Release" TOOLCHAIN_NAME="gcc" />
          <configuration PROFILE_NAME="gcc-reldeb" ENABLED="true" GENERATION_DIR="build/gcc-reldeb" CONFIG_NAME="RelWithDebInfo" TOOLCHAIN_NAME="gcc" />
          <configuration PROFILE_NAME="clang-debug" ENABLED="true" GENERATION_DIR="build/clang/debug" CONFIG_NAME="Debug" TOOLCHAIN_NAME="clang" />
          <configuration PROFILE_NAME="clang-release" ENABLED="true" GENERATION_DIR="build/clang-release" CONFIG_NAME="MinSizeRel" TOOLCHAIN_NAME="clang" />
          <configuration PROFILE_NAME="clang-reldeb" ENABLED="true" GENERATION_DIR="build/clang-reldeb" TOOLCHAIN_NAME="clang" />
        </configurations>
      </component>
      <component name="PropertiesComponent"><![CDATA[{
  "keyToString": {
    "settings.editor.selected.configurable": "CMakeSettings"
  }
}]]></component>
      <component name="WindowStateProjectService">
        <state x="903" y="378" width="902" height="702" key="SettingsEditor" timestamp="1695922069560">
          <screen x="0" y="0" width="2560" height="1440" />
        </state>
        <state x="779" y="364" width="997" height="702" key="SettingsEditor/0.0.2560.1440/2560.0.1920.1080" timestamp="1695738345852" />
        <state x="903" y="378" width="902" height="702" key="SettingsEditor/2560.0.1920.1080/0.0.2560.1440" timestamp="1695922069560" />
      </component>
      <component name="masterDetails">
        <states>
          <state key="ScopeChooserConfigurable.UI">
            <settings>
              <splitter-proportions>
                <option name="proportions">
                  <list>
                    <option value="0.2" />
                  </list>
                </option>
              </splitter-proportions>
            </settings>
          </state>
        </states>
      </component>
    </defaultProject>
  </component>
</application>